content_id,title,type,genre,rating,release_year,duration_minutes,seasons,episodes,imdb_rating,netflix_score,director,cast,description
content_0000,Lost Shadows 2,Movie,Sci-Fi,NC-17,2002,97,,,8.4,92,Director 88,"Actor 22, Actor 79",An amazing sci-fi movie that will keep you entertained.
content_0001,The Light Chronicles,TV Show,Drama,TV-Y,1983,23,4.0,60.0,9.0,85,Director 38,"Actor 50, Actor 71",An amazing drama tv show that will keep you entertained.
content_0002,The Wild Love,Movie,Sci-Fi,TV-MA,2003,91,,,5.5,82,Director 9,"Actor 46, Actor 88",An amazing sci-fi movie that will keep you entertained.
content_0003,Beyond the War,Movie,Documentary,G,1996,143,,,8.3,98,Director 69,"Actor 18, Actor 60",An amazing documentary movie that will keep you entertained.
content_0004,Brave Mystery 2,Movie,Comedy,TV-14,2002,150,,,8.6,93,Director 16,"Actor 43, Actor 97",An amazing comedy movie that will keep you entertained.
content_0005,The Last Shadows,Movie,Drama,PG,2009,139,,,7.4,79,Director 37,"Actor 9, Actor 78",An amazing drama movie that will keep you entertained.
content_0006,Golden Dreams,TV Show,Comedy,PG-13,1992,36,5.0,55.0,8.2,90,Director 50,"Actor 3, Actor 97",An amazing comedy tv show that will keep you entertained.
content_0007,Brave Mystery,TV Show,Animation,G,2023,45,1.0,20.0,5.6,94,Director 60,"Actor 38, Actor 92",An amazing animation tv show that will keep you entertained.
content_0008,Hell Adventure,TV Show,Comedy,NC-17,2011,43,6.0,36.0,6.7,79,Director 84,"Actor 37, Actor 72",An amazing comedy tv show that will keep you entertained.
content_0009,Brave Truth 2,Movie,Thriller,G,2023,93,,,9.2,96,Director 6,"Actor 20, Actor 62",An amazing thriller movie that will keep you entertained.
content_0010,Silent Love 2,Movie,Sci-Fi,TV-PG,2006,110,,,6.4,96,Director 56,"Actor 22, Actor 69",An amazing sci-fi movie that will keep you entertained.
content_0011,Wild War,TV Show,Documentary,G,1998,50,2.0,46.0,7.7,84,Director 59,"Actor 48, Actor 83",An amazing documentary tv show that will keep you entertained.
content_0012,The Love Chronicles,TV Show,Action,TV-Y,1996,59,7.0,49.0,6.0,98,Director 47,"Actor 19, Actor 70",An amazing action tv show that will keep you entertained.
content_0013,Masters of Mystery,TV Show,Sci-Fi,PG-13,2003,32,8.0,72.0,6.8,81,Director 43,"Actor 35, Actor 96",An amazing sci-fi tv show that will keep you entertained.
content_0014,The Dreams Chronicles,TV Show,Horror,NC-17,2021,48,7.0,147.0,6.0,90,Director 33,"Actor 48, Actor 63",An amazing horror tv show that will keep you entertained.
content_0015,The Love Chronicles,TV Show,Drama,TV-Y,2016,24,5.0,95.0,7.6,79,Director 92,"Actor 36, Actor 52",An amazing drama tv show that will keep you entertained.
content_0016,Hidden Journey,TV Show,Action,NC-17,1989,36,4.0,60.0,7.2,80,Director 97,"Actor 9, Actor 72",An amazing action tv show that will keep you entertained.
content_0017,Masters of War,TV Show,Sci-Fi,TV-MA,1995,39,4.0,68.0,8.5,96,Director 74,"Actor 18, Actor 60",An amazing sci-fi tv show that will keep you entertained.
content_0018,Hidden Light,TV Show,Horror,TV-14,1987,52,3.0,66.0,6.1,82,Director 40,"Actor 42, Actor 90",An amazing horror tv show that will keep you entertained.
content_0019,Hidden Dreams,TV Show,Comedy,PG-13,1981,42,3.0,27.0,6.8,83,Director 24,"Actor 14, Actor 73",An amazing comedy tv show that will keep you entertained.
content_0020,Beyond the Shadows,Movie,Animation,TV-PG,1980,161,,,9.0,86,Director 49,"Actor 37, Actor 69",An amazing animation movie that will keep you entertained.
content_0021,Space War,TV Show,Documentary,NC-17,2016,30,1.0,12.0,6.9,98,Director 2,"Actor 46, Actor 60",An amazing documentary tv show that will keep you entertained.
content_0022,Golden Love,TV Show,Action,G,1995,52,4.0,92.0,7.8,73,Director 20,"Actor 15, Actor 59",An amazing action tv show that will keep you entertained.
content_0023,The War Chronicles,TV Show,Romance,TV-14,2022,50,5.0,80.0,9.4,96,Director 27,"Actor 19, Actor 87",An amazing romance tv show that will keep you entertained.
content_0024,Wild Dreams,TV Show,Documentary,NC-17,1980,54,8.0,192.0,7.0,85,Director 59,"Actor 21, Actor 89",An amazing documentary tv show that will keep you entertained.
content_0025,Tokyo Mystery,TV Show,Sci-Fi,TV-PG,2014,36,3.0,27.0,7.4,78,Director 62,"Actor 29, Actor 79",An amazing sci-fi tv show that will keep you entertained.
content_0026,Wild Journey 2,Movie,Comedy,TV-Y,2021,96,,,9.4,92,Director 32,"Actor 31, Actor 85",An amazing comedy movie that will keep you entertained.
content_0027,Lost Love 2,Movie,Horror,TV-Y,1986,132,,,9.5,86,Director 54,"Actor 12, Actor 98",An amazing horror movie that will keep you entertained.
content_0028,The Love Chronicles,TV Show,Drama,TV-PG,2024,56,6.0,138.0,7.4,72,Director 66,"Actor 17, Actor 90",An amazing drama tv show that will keep you entertained.
content_0029,Beyond the Adventure,Movie,Horror,G,2022,173,,,6.6,94,Director 85,"Actor 16, Actor 52",An amazing horror movie that will keep you entertained.
content_0030,The Hidden Dreams,Movie,Romance,R,1986,86,,,5.1,70,Director 73,"Actor 18, Actor 68",An amazing romance movie that will keep you entertained.
content_0031,Silent Adventure,TV Show,Sci-Fi,PG-13,2021,22,4.0,32.0,7.3,72,Director 24,"Actor 13, Actor 65",An amazing sci-fi tv show that will keep you entertained.
content_0032,Space Mystery,TV Show,Horror,TV-PG,1989,36,7.0,84.0,8.4,98,Director 80,"Actor 49, Actor 96",An amazing horror tv show that will keep you entertained.
content_0033,London Truth,TV Show,Action,NC-17,2000,32,6.0,72.0,8.0,90,Director 90,"Actor 45, Actor 69",An amazing action tv show that will keep you entertained.
content_0034,Return to Past,Movie,Horror,TV-MA,2003,173,,,5.3,98,Director 42,"Actor 44, Actor 68",An amazing horror movie that will keep you entertained.
content_0035,Masters of Dreams,TV Show,Comedy,R,2024,59,2.0,18.0,8.4,77,Director 39,"Actor 8, Actor 74",An amazing comedy tv show that will keep you entertained.
content_0036,Beyond the Kingdom,Movie,Crime,TV-PG,1982,164,,,9.5,98,Director 45,"Actor 31, Actor 64",An amazing crime movie that will keep you entertained.
content_0037,Beyond the Love,Movie,Animation,G,2010,164,,,5.3,79,Director 85,"Actor 4, Actor 92",An amazing animation movie that will keep you entertained.
content_0038,Masters of War,TV Show,Romance,TV-14,2015,43,1.0,6.0,5.3,83,Director 17,"Actor 6, Actor 93",An amazing romance tv show that will keep you entertained.
content_0039,Beyond the Mystery,Movie,Drama,TV-MA,2014,116,,,7.9,78,Director 24,"Actor 23, Actor 54",An amazing drama movie that will keep you entertained.
content_0040,Mystery of Space,Movie,Horror,TV-PG,2018,105,,,6.2,81,Director 26,"Actor 8, Actor 74",An amazing horror movie that will keep you entertained.
content_0041,The Last War,Movie,Drama,G,2022,166,,,7.4,90,Director 34,"Actor 34, Actor 92",An amazing drama movie that will keep you entertained.
content_0042,Mars Adventure,TV Show,Crime,TV-14,2009,27,1.0,18.0,9.2,97,Director 63,"Actor 38, Actor 64",An amazing crime tv show that will keep you entertained.
content_0043,Past Kingdom,TV Show,Romance,TV-MA,1998,29,1.0,10.0,7.6,71,Director 26,"Actor 31, Actor 75",An amazing romance tv show that will keep you entertained.
content_0044,Masters of Dreams,TV Show,Animation,G,2011,35,4.0,32.0,8.6,84,Director 53,"Actor 11, Actor 86",An amazing animation tv show that will keep you entertained.
content_0045,The Light Chronicles,TV Show,Drama,TV-14,2012,23,3.0,63.0,6.3,80,Director 30,"Actor 33, Actor 81",An amazing drama tv show that will keep you entertained.
content_0046,Beyond the Shadows,Movie,Thriller,G,1987,165,,,5.3,86,Director 4,"Actor 21, Actor 59",An amazing thriller movie that will keep you entertained.
content_0047,Masters of Adventure,TV Show,Animation,G,2019,43,6.0,126.0,9.2,79,Director 79,"Actor 39, Actor 85",An amazing animation tv show that will keep you entertained.
content_0048,Return to New York,Movie,Crime,NC-17,2010,107,,,5.1,79,Director 91,"Actor 46, Actor 98",An amazing crime movie that will keep you entertained.
content_0049,The War Chronicles,TV Show,Action,G,1986,30,7.0,112.0,6.1,93,Director 50,"Actor 5, Actor 93",An amazing action tv show that will keep you entertained.
content_0050,The Love Chronicles,TV Show,Thriller,PG-13,1987,36,4.0,36.0,5.0,97,Director 17,"Actor 28, Actor 94",An amazing thriller tv show that will keep you entertained.
content_0051,The Love Chronicles,TV Show,Drama,TV-PG,1984,23,2.0,22.0,5.4,90,Director 72,"Actor 28, Actor 67",An amazing drama tv show that will keep you entertained.
content_0052,Modern Love,TV Show,Animation,NC-17,1980,42,2.0,38.0,6.1,96,Director 79,"Actor 18, Actor 68",An amazing animation tv show that will keep you entertained.
content_0053,The Shadows Chronicles,TV Show,Comedy,TV-MA,1985,47,6.0,72.0,8.1,85,Director 39,"Actor 28, Actor 95",An amazing comedy tv show that will keep you entertained.
content_0054,Wild Light,TV Show,Thriller,TV-MA,2001,37,4.0,60.0,8.1,87,Director 58,"Actor 17, Actor 80",An amazing thriller tv show that will keep you entertained.
content_0055,Silent Truth,TV Show,Documentary,NC-17,1988,47,1.0,22.0,6.7,81,Director 35,"Actor 28, Actor 85",An amazing documentary tv show that will keep you entertained.
content_0056,The Last Mystery,Movie,Romance,PG,2007,119,,,5.6,91,Director 72,"Actor 32, Actor 64",An amazing romance movie that will keep you entertained.
content_0057,The Mystery Chronicles,TV Show,Action,TV-PG,1980,22,1.0,24.0,5.8,95,Director 3,"Actor 48, Actor 60",An amazing action tv show that will keep you entertained.
content_0058,The Journey Chronicles,TV Show,Romance,TV-Y,1987,31,5.0,50.0,5.3,72,Director 99,"Actor 47, Actor 58",An amazing romance tv show that will keep you entertained.
content_0059,The Truth Chronicles,TV Show,Thriller,G,1991,46,8.0,192.0,9.0,90,Director 56,"Actor 5, Actor 65",An amazing thriller tv show that will keep you entertained.
content_0060,Hidden Adventure,TV Show,Drama,PG-13,2011,25,4.0,80.0,7.8,93,Director 94,"Actor 22, Actor 62",An amazing drama tv show that will keep you entertained.
content_0061,Beyond the Light,Movie,Crime,TV-Y,1995,91,,,8.6,80,Director 84,"Actor 3, Actor 58",An amazing crime movie that will keep you entertained.
content_0062,Hell Light,TV Show,Romance,TV-MA,1985,36,6.0,144.0,6.1,73,Director 31,"Actor 8, Actor 79",An amazing romance tv show that will keep you entertained.
content_0063,Future Light,TV Show,Romance,TV-14,1996,26,7.0,84.0,7.0,77,Director 93,"Actor 50, Actor 97",An amazing romance tv show that will keep you entertained.
content_0064,The Adventure Chronicles,TV Show,Romance,PG,1982,60,1.0,16.0,5.6,89,Director 58,"Actor 28, Actor 61",An amazing romance tv show that will keep you entertained.
content_0065,Masters of Love,TV Show,Documentary,R,1980,40,1.0,6.0,6.4,95,Director 37,"Actor 41, Actor 70",An amazing documentary tv show that will keep you entertained.
content_0066,Masters of Mystery,TV Show,Crime,NC-17,2006,52,3.0,30.0,6.1,96,Director 20,"Actor 7, Actor 75",An amazing crime tv show that will keep you entertained.
content_0067,The Last Light,Movie,Crime,PG-13,1990,142,,,7.3,73,Director 66,"Actor 15, Actor 95",An amazing crime movie that will keep you entertained.
content_0068,Masters of Kingdom,TV Show,Animation,TV-PG,2007,47,2.0,22.0,6.9,70,Director 19,"Actor 10, Actor 74",An amazing animation tv show that will keep you entertained.
content_0069,Hell Light,TV Show,Horror,NC-17,2017,20,1.0,24.0,5.6,81,Director 80,"Actor 19, Actor 94",An amazing horror tv show that will keep you entertained.
content_0070,Brave Mystery 2,Movie,Animation,PG,2022,124,,,6.2,81,Director 7,"Actor 25, Actor 79",An amazing animation movie that will keep you entertained.
content_0071,Beyond the War,Movie,Horror,R,2016,172,,,7.5,77,Director 77,"Actor 49, Actor 88",An amazing horror movie that will keep you entertained.
content_0072,Masters of Dreams,TV Show,Romance,TV-14,2013,43,8.0,56.0,7.0,96,Director 13,"Actor 14, Actor 70",An amazing romance tv show that will keep you entertained.
content_0073,Wild War,TV Show,Comedy,PG,2024,49,7.0,56.0,5.7,88,Director 32,"Actor 4, Actor 86",An amazing comedy tv show that will keep you entertained.
content_0074,Adventure of Past,Movie,Comedy,PG,1986,112,,,6.4,87,Director 93,"Actor 31, Actor 80",An amazing comedy movie that will keep you entertained.
content_0075,Beyond the Journey,Movie,Thriller,TV-MA,2000,177,,,9.5,98,Director 90,"Actor 37, Actor 55",An amazing thriller movie that will keep you entertained.
content_0076,Wild War,TV Show,Action,TV-Y,2009,43,7.0,70.0,6.1,70,Director 64,"Actor 6, Actor 52",An amazing action tv show that will keep you entertained.
content_0077,The Last Dreams,Movie,Sci-Fi,TV-MA,1995,138,,,7.8,93,Director 11,"Actor 36, Actor 89",An amazing sci-fi movie that will keep you entertained.
content_0078,Return to Space,Movie,Action,NC-17,2020,88,,,6.4,88,Director 22,"Actor 18, Actor 53",An amazing action movie that will keep you entertained.
content_0079,Beyond the Truth,Movie,Drama,PG-13,1988,136,,,8.8,73,Director 51,"Actor 39, Actor 87",An amazing drama movie that will keep you entertained.
content_0080,The War Chronicles,TV Show,Sci-Fi,TV-14,2015,36,8.0,136.0,6.7,74,Director 37,"Actor 50, Actor 60",An amazing sci-fi tv show that will keep you entertained.
content_0081,Truth of Tokyo,Movie,Action,PG,1992,160,,,9.2,93,Director 42,"Actor 14, Actor 98",An amazing action movie that will keep you entertained.
content_0082,Masters of Dreams,TV Show,Documentary,TV-14,2007,45,4.0,28.0,6.7,80,Director 29,"Actor 30, Actor 61",An amazing documentary tv show that will keep you entertained.
content_0083,The Last Adventure,Movie,Comedy,R,1987,107,,,9.5,98,Director 98,"Actor 46, Actor 61",An amazing comedy movie that will keep you entertained.
content_0084,The Journey Chronicles,TV Show,Romance,TV-PG,2007,24,7.0,63.0,6.2,80,Director 80,"Actor 39, Actor 78",An amazing romance tv show that will keep you entertained.
content_0085,Modern Truth,TV Show,Sci-Fi,PG,2003,36,3.0,18.0,7.9,90,Director 32,"Actor 16, Actor 99",An amazing sci-fi tv show that will keep you entertained.
content_0086,The Last War,Movie,Action,TV-14,1983,169,,,6.0,86,Director 13,"Actor 24, Actor 54",An amazing action movie that will keep you entertained.
content_0087,The Secret Dreams,Movie,Documentary,PG-13,2019,134,,,6.8,92,Director 89,"Actor 37, Actor 59",An amazing documentary movie that will keep you entertained.
content_0088,Brave Light,TV Show,Action,TV-Y,1990,29,1.0,20.0,9.4,77,Director 66,"Actor 32, Actor 53",An amazing action tv show that will keep you entertained.
content_0089,Silent Light,TV Show,Action,PG,1984,35,7.0,70.0,7.5,97,Director 97,"Actor 37, Actor 78",An amazing action tv show that will keep you entertained.
content_0090,Masters of Shadows,TV Show,Comedy,NC-17,1993,57,8.0,168.0,6.1,77,Director 59,"Actor 18, Actor 78",An amazing comedy tv show that will keep you entertained.
content_0091,The Dreams Chronicles,TV Show,Sci-Fi,G,2006,29,7.0,154.0,6.1,85,Director 79,"Actor 27, Actor 61",An amazing sci-fi tv show that will keep you entertained.
content_0092,The Modern Love,Movie,Animation,G,2019,81,,,8.6,77,Director 47,"Actor 38, Actor 96",An amazing animation movie that will keep you entertained.
content_0093,Beyond the Love,Movie,Animation,PG,2008,157,,,8.3,97,Director 63,"Actor 37, Actor 56",An amazing animation movie that will keep you entertained.
content_0094,The Journey Chronicles,TV Show,Thriller,R,1986,33,6.0,108.0,7.0,97,Director 45,"Actor 7, Actor 73",An amazing thriller tv show that will keep you entertained.
content_0095,Paradise Truth,TV Show,Thriller,G,1983,39,2.0,30.0,8.3,96,Director 93,"Actor 18, Actor 52",An amazing thriller tv show that will keep you entertained.
content_0096,The Last Shadows,Movie,Romance,TV-Y,1998,170,,,6.9,78,Director 52,"Actor 37, Actor 60",An amazing romance movie that will keep you entertained.
content_0097,Dark Dreams 2,Movie,Drama,TV-PG,2013,94,,,8.3,91,Director 95,"Actor 19, Actor 91",An amazing drama movie that will keep you entertained.
content_0098,Golden Dreams,TV Show,Drama,TV-Y,1995,44,2.0,24.0,7.5,75,Director 15,"Actor 48, Actor 89",An amazing drama tv show that will keep you entertained.
content_0099,Ancient Kingdom,TV Show,Action,TV-Y,2007,39,4.0,60.0,9.4,78,Director 36,"Actor 24, Actor 83",An amazing action tv show that will keep you entertained.
